ds,trend,yhat_lower,yhat_upper,trend_lower,trend_upper,additive_terms,additive_terms_lower,additive_terms_upper,covid_anomaly,covid_anomaly_lower,covid_anomaly_upper,holidays,holidays_lower,holidays_upper,multiplicative_terms,multiplicative_terms_lower,multiplicative_terms_upper,yhat,occ_code,occ_title,year,actual
2018-07-01,4451310.636476,4430613.541836552,4473662.772416483,4451310.636476,4451310.636476,0.0,0.0,0.0,0.0,0.0,0.0,0.0,0.0,0.0,0.0,0.0,0.0,4451310.636476,41-2031,Retail Salespersons,2018,4448120.0
2019-07-01,4311638.243542925,4289474.46525509,4331087.686782561,4311638.243542925,4311638.243542925,0.0,0.0,0.0,0.0,0.0,0.0,0.0,0.0,0.0,0.0,0.0,0.0,4311638.243542925,41-2031,Retail Salespersons,2019,4317950.0
2020-07-01,3996077.4745115438,3636675.9629835966,3682572.9171756795,3996077.4745115438,3996077.4745115438,-336397.24619644,-336397.24619644,-336397.24619644,-336397.24619644,-336397.24619644,-336397.24619644,-336397.24619644,-336397.24619644,-336397.24619644,0.0,0.0,0.0,3659680.228315104,41-2031,Retail Salespersons,2020,3659670.0
2021-07-01,3681378.8933790536,3660431.6277642595,3702831.436930045,3681378.8933790536,3681378.8933790536,0.0,0.0,0.0,0.0,0.0,0.0,0.0,0.0,0.0,0.0,0.0,0.0,3681378.8933790536,41-2031,Retail Salespersons,2021,3693490.0
2022-07-01,3673807.1377512147,3653286.4346723943,3691428.189109459,3673807.1377512147,3673807.1377512147,0.0,0.0,0.0,0.0,0.0,0.0,0.0,0.0,0.0,0.0,0.0,0.0,3673807.1377512147,41-2031,Retail Salespersons,2022,3640040.0
2023-07-01,3666235.382123376,3647410.1413483815,3687865.0025148494,3666235.382123376,3666235.382123376,0.0,0.0,0.0,0.0,0.0,0.0,0.0,0.0,0.0,0.0,0.0,0.0,3666235.382123376,41-2031,Retail Salespersons,2023,3684740.0
2024-07-01,3658642.88195957,3557493.7703555687,3746122.433860835,3568519.37270902,3746242.6220247904,0.0,0.0,0.0,0.0,0.0,0.0,0.0,0.0,0.0,0.0,0.0,0.0,3658642.88195957,41-2031,Retail Salespersons,2024,3800250.0
2025-07-01,3651071.126331731,3362466.8726449655,3916390.2721355255,3357618.12829148,3926305.6874312027,0.0,0.0,0.0,0.0,0.0,0.0,0.0,0.0,0.0,0.0,0.0,0.0,3651071.126331731,41-2031,Retail Salespersons,2025,3897860.0
2026-07-01,3643499.3707038923,3048305.8173854323,4161952.557568622,3040517.3435547217,4157374.815200641,0.0,0.0,0.0,0.0,0.0,0.0,0.0,0.0,0.0,0.0,0.0,0.0,3643499.3707038923,41-2031,Retail Salespersons,2026,
2027-07-01,3635927.6150760534,2631278.755638359,4419054.539879929,2626461.7456040657,4407857.713246085,0.0,0.0,0.0,0.0,0.0,0.0,0.0,0.0,0.0,0.0,0.0,0.0,3635927.6150760534,41-2031,Retail Salespersons,2027,
2019-07-01,3738634.3808768,3397821.0530349957,4103628.602303861,3738634.3808768,3738634.3808768,0.0,0.0,0.0,0.0,0.0,0.0,0.0,0.0,0.0,0.0,0.0,0.0,3738634.3808768,35-3023,Fast Food and Counter Workers,2019,3996820.0
2020-07-01,3642713.1316163363,3101192.2651518914,3784742.155722559,3642713.1316163363,3642713.1316163363,-192581.84362094,-192581.84362094,-192581.84362094,-192581.84362094,-192581.84362094,-192581.84362094,-192581.84362094,-192581.84362094,-192581.84362094,0.0,0.0,0.0,3450131.287995396,35-3023,Fast Food and Counter Workers,2020,3450120.0
2021-07-01,3547053.9573660954,3226100.737997996,3890311.047253928,3547053.9573660954,3547053.9573660954,0.0,0.0,0.0,0.0,0.0,0.0,0.0,0.0,0.0,0.0,0.0,0.0,3547053.9573660954,35-3023,Fast Food and Counter Workers,2021,3095120.0
2022-07-01,3451397.8834610055,3100670.8875795715,3813741.59538998,3451397.8834610055,3451397.8834610055,0.0,0.0,0.0,0.0,0.0,0.0,0.0,0.0,0.0,0.0,0.0,0.0,3451397.8834610055,35-3023,Fast Food and Counter Workers,2022,3325050.0
2023-07-01,3355741.836128583,2994793.889430322,3704690.837443184,3355741.836128583,3355741.836128583,0.0,0.0,0.0,0.0,0.0,0.0,0.0,0.0,0.0,0.0,0.0,0.0,3355741.836128583,35-3023,Fast Food and Counter Workers,2023,3676580.0
2024-07-01,3259823.717433606,2923052.7254847297,3594451.365172166,3259822.968004687,3259824.3194244225,0.0,0.0,0.0,0.0,0.0,0.0,0.0,0.0,0.0,0.0,0.0,0.0,3259823.717433606,35-3023,Fast Food and Counter Workers,2024,3780930.0
2025-07-01,3164167.6701011835,2792434.449680093,3520814.2845800715,3164165.3632614682,3164169.7585042063,0.0,0.0,0.0,0.0,0.0,0.0,0.0,0.0,0.0,0.0,0.0,0.0,3164167.6701011835,35-3023,Fast Food and Counter Workers,2025,3854050.0
2026-07-01,3068511.6227687607,2710217.0584879695,3416778.847063221,3068507.1122364653,3068515.769495981,0.0,0.0,0.0,0.0,0.0,0.0,0.0,0.0,0.0,0.0,0.0,0.0,3068511.6227687607,35-3023,Fast Food and Counter Workers,2026,
2027-07-01,2972855.5754363383,2603340.165647175,3314244.24377841,2972848.0327307917,2972862.390247031,0.0,0.0,0.0,0.0,0.0,0.0,0.0,0.0,0.0,0.0,0.0,0.0,2972855.5754363383,35-3023,Fast Food and Counter Workers,2027,
2018-07-01,2248564.3344117003,2185018.559507382,2317955.5906004477,2248564.3344117003,2248564.3344117003,0.0,0.0,0.0,0.0,0.0,0.0,0.0,0.0,0.0,0.0,0.0,0.0,2248564.3344117003,11-1021,General and Operations Managers,2018,2289770.0
2019-07-01,2463028.586555931,2393522.1225648755,2533033.129350146,2463028.586555931,2463028.586555931,0.0,0.0,0.0,0.0,0.0,0.0,0.0,0.0,0.0,0.0,0.0,0.0,2463028.586555931,11-1021,General and Operations Managers,2019,2400280.0
2020-07-01,2736715.868191473,2274907.991844215,2418667.8217853787,2736715.868191473,2736715.868191473,-389235.36712500005,-389235.36712500005,-389235.36712500005,-389235.36712500005,-389235.36712500005,-389235.36712500005,-389235.36712500005,-389235.36712500005,-389235.36712500005,0.0,0.0,0.0,2347480.5010664733,11-1021,General and Operations Managers,2020,2347420.0
2021-07-01,3009655.454012508,2947920.516873496,3076280.3600576064,3009655.454012508,3009655.454012508,0.0,0.0,0.0,0.0,0.0,0.0,0.0,0.0,0.0,0.0,0.0,0.0,3009655.454012508,11-1021,General and Operations Managers,2021,2984920.0
2022-07-01,3282595.037203666,3217344.105274719,3349327.090759284,3282595.037203666,3282595.037203666,0.0,0.0,0.0,0.0,0.0,0.0,0.0,0.0,0.0,0.0,0.0,0.0,3282595.037203666,11-1021,General and Operations Managers,2022,3376680.0
2023-07-01,3555534.620394824,3491597.8454838805,3626910.0347568314,3555534.620394824,3555534.620394824,0.0,0.0,0.0,0.0,0.0,0.0,0.0,0.0,0.0,0.0,0.0,0.0,3555534.620394824,11-1021,General and Operations Managers,2023,3507810.0
2024-07-01,3829221.983265957,3753089.8629525667,3894654.381076108,3821167.3022043835,3840652.4818191063,0.0,0.0,0.0,0.0,0.0,0.0,0.0,0.0,0.0,0.0,0.0,0.0,3829221.983265957,11-1021,General and Operations Managers,2024,3584420.0
2025-07-01,4102161.566457115,4025710.883839864,4183423.893153959,4068991.22815104,4144041.587559322,0.0,0.0,0.0,0.0,0.0,0.0,0.0,0.0,0.0,0.0,0.0,0.0,4102161.566457115,11-1021,General and Operations Managers,2025,3503020.0
2026-07-01,4375101.149648272,4272571.985221936,4460677.642609015,4305676.603345424,4451419.854940878,0.0,0.0,0.0,0.0,0.0,0.0,0.0,0.0,0.0,0.0,0.0,0.0,4375101.149648272,11-1021,General and Operations Managers,2026,
2027-07-01,4648040.73283943,4522531.915147461,4776314.43210868,4539191.965175828,4760104.298027918,0.0,0.0,0.0,0.0,0.0,0.0,0.0,0.0,0.0,0.0,0.0,0.0,4648040.73283943,11-1021,General and Operations Managers,2027,
2018-07-01,2952257.6627347,2937617.247497393,2967540.8049510396,2952257.6627347,2952257.6627347,0.0,0.0,0.0,0.0,0.0,0.0,0.0,0.0,0.0,0.0,0.0,0.0,2952257.6627347,29-1141,Registered Nurses,2018,2951960.0
2019-07-01,2980561.8210559245,2963219.108516853,2996658.6500126165,2980561.8210559245,2980561.8210559245,0.0,0.0,0.0,0.0,0.0,0.0,0.0,0.0,0.0,0.0,0.0,0.0,2980561.8210559245,29-1141,Registered Nurses,2019,2982280.0
2020-07-01,3008943.526002389,2971970.317620306,3002453.539882416,3008943.526002389,3008943.526002389,-22376.290938689002,-22376.290938689002,-22376.290938689002,-22376.290938689002,-22376.290938689002,-22376.290938689002,-22376.290938689002,-22376.290938689002,-22376.290938689002,0.0,0.0,0.0,2986567.2350637,29-1141,Registered Nurses,2020,2986500.0
2021-07-01,3037247.6892542336,3019354.80594961,3052412.18087886,3037247.6892542336,3037247.6892542336,0.0,0.0,0.0,0.0,0.0,0.0,0.0,0.0,0.0,0.0,0.0,0.0,3037247.6892542336,29-1141,Registered Nurses,2021,3047530.0
2022-07-01,3099091.5473587955,3081842.3752671457,3115168.5456758076,3099091.5473587955,3099091.5473587955,0.0,0.0,0.0,0.0,0.0,0.0,0.0,0.0,0.0,0.0,0.0,0.0,3099091.5473587955,29-1141,Registered Nurses,2022,3072700.0
2023-07-01,3160935.405463357,3144857.3136507794,3178233.507902327,3160935.405463357,3160935.405463357,0.0,0.0,0.0,0.0,0.0,0.0,0.0,0.0,0.0,0.0,0.0,0.0,3160935.405463357,29-1141,Registered Nurses,2023,3175390.0
2024-07-01,3222948.6987956017,3205822.333681745,3242631.9856088916,3217183.1226751516,3229529.6519457255,0.0,0.0,0.0,0.0,0.0,0.0,0.0,0.0,0.0,0.0,0.0,0.0,3222948.6987956017,29-1141,Registered Nurses,2024,3282010.0
2025-07-01,3284792.5569001636,3262223.2537157447,3312799.700845622,3266745.641319526,3306343.3175691674,0.0,0.0,0.0,0.0,0.0,0.0,0.0,0.0,0.0,0.0,0.0,0.0,3284792.5569001636,29-1141,Registered Nurses,2025,3379720.0
2026-07-01,3346636.4150047246,3309246.7289400087,3396019.9203918334,3311714.2767150984,3390602.2562511466,0.0,0.0,0.0,0.0,0.0,0.0,0.0,0.0,0.0,0.0,0.0,0.0,3346636.4150047246,29-1141,Registered Nurses,2026,
2027-07-01,3408480.273109286,3348570.430979804,3479615.695676873,3352580.3516152543,3475643.684404724,0.0,0.0,0.0,0.0,0.0,0.0,0.0,0.0,0.0,0.0,0.0,0.0,3408480.273109286,29-1141,Registered Nurses,2027,
2018-07-01,3635774.3134350004,3630021.920446468,3641185.909951354,3635774.3134350004,3635774.3134350004,0.0,0.0,0.0,0.0,0.0,0.0,0.0,0.0,0.0,0.0,0.0,0.0,3635774.3134350004,41-2011,Cashiers,2018,3635550.0
2019-07-01,3596174.9298375817,3590891.328821853,3601457.497674042,3596174.9298375817,3596174.9298375817,0.0,0.0,0.0,0.0,0.0,0.0,0.0,0.0,0.0,0.0,0.0,0.0,3596174.9298375817,41-2011,Cashiers,2019,3596630.0
2020-07-01,3455009.9835210745,3327914.164172036,3338710.639198085,3455009.9835210745,3455009.9835210745,-121909.66933409999,-121909.66933409999,-121909.66933409999,-121909.66933409999,-121909.66933409999,-121909.66933409999,-121909.66933409999,-121909.66933409999,-121909.66933409999,0.0,0.0,0.0,3333100.3141869744,41-2011,Cashiers,2020,3333100.0
2021-07-01,3314230.7338351007,3308987.380736129,3319384.3462831406,3314230.7338351007,3314230.7338351007,0.0,0.0,0.0,0.0,0.0,0.0,0.0,0.0,0.0,0.0,0.0,0.0,3314230.7338351007,41-2011,Cashiers,2021,3318020.0
2022-07-01,3304316.807950487,3299607.2310968274,3309603.9435587293,3304316.807950487,3304316.807950487,0.0,0.0,0.0,0.0,0.0,0.0,0.0,0.0,0.0,0.0,0.0,0.0,3304316.807950487,41-2011,Cashiers,2022,3296040.0
2023-07-01,3294402.8820658727,3289355.3361111186,3299332.3009717725,3294402.8820658727,3294402.8820658727,0.0,0.0,0.0,0.0,0.0,0.0,0.0,0.0,0.0,0.0,0.0,0.0,3294402.8820658727,41-2011,Cashiers,2023,3298660.0
2024-07-01,3284461.794740479,3242605.582664231,3329817.3693583477,3242806.748669009,3329700.6218617912,0.0,0.0,0.0,0.0,0.0,0.0,0.0,0.0,0.0,0.0,0.0,0.0,3284461.794740479,41-2011,Cashiers,2024,3148030.0
2025-07-01,3274547.868855865,3138272.806390152,3404378.1920729885,3133631.0240731095,3406487.5561522366,0.0,0.0,0.0,0.0,0.0,0.0,0.0,0.0,0.0,0.0,0.0,0.0,3274547.868855865,41-2011,Cashiers,2025,3089410.0
2026-07-01,3264633.942971251,2992488.2175184116,3524671.6060872697,2991897.3233170817,3520886.4170656726,0.0,0.0,0.0,0.0,0.0,0.0,0.0,0.0,0.0,0.0,0.0,0.0,3264633.942971251,41-2011,Cashiers,2026,
2027-07-01,3254720.017086637,2833557.15152235,3671406.3351649665,2837803.356293831,3672756.5243270053,0.0,0.0,0.0,0.0,0.0,0.0,0.0,0.0,0.0,0.0,0.0,0.0,3254720.017086637,41-2011,Cashiers,2027,
2018-07-01,2928691.507515,2874176.187852479,2985944.9568855693,2928691.507515,2928691.507515,0.0,0.0,0.0,0.0,0.0,0.0,0.0,0.0,0.0,0.0,0.0,0.0,2928691.507515,53-7062,"Laborers and Freight, Stock, and Material Movers, Hand",2018,2893180.0
2019-07-01,2884182.2936312673,2826912.223605702,2939001.9357798602,2884182.2936312673,2884182.2936312673,0.0,0.0,0.0,0.0,0.0,0.0,0.0,0.0,0.0,0.0,0.0,0.0,2884182.2936312673,53-7062,"Laborers and Freight, Stock, and Material Movers, Hand",2019,2953170.0
2020-07-01,2839237.7367718155,2748061.045014218,2861163.8248258997,2839237.7367718155,2839237.7367718155,-34037.2358686,-34037.2358686,-34037.2358686,-34037.2358686,-34037.2358686,-34037.2358686,-34037.2358686,-34037.2358686,-34037.2358686,0.0,0.0,0.0,2805200.5009032153,53-7062,"Laborers and Freight, Stock, and Material Movers, Hand",2020,2805200.0
2021-07-01,2794415.985692693,2744705.5058247205,2854065.0100728944,2794415.985692693,2794415.985692693,0.0,0.0,0.0,0.0,0.0,0.0,0.0,0.0,0.0,0.0,0.0,0.0,2794415.985692693,53-7062,"Laborers and Freight, Stock, and Material Movers, Hand",2021,2729010.0
2022-07-01,2901603.6947351093,2847618.4373755604,2961691.7177390317,2901603.6947351093,2901603.6947351093,0.0,0.0,0.0,0.0,0.0,0.0,0.0,0.0,0.0,0.0,0.0,0.0,2901603.6947351093,53-7062,"Laborers and Freight, Stock, and Material Movers, Hand",2022,2934050.0
2023-07-01,3008791.4037775253,2954438.87584582,3062388.5566543927,3008791.4037775253,3008791.4037775253,0.0,0.0,0.0,0.0,0.0,0.0,0.0,0.0,0.0,0.0,0.0,0.0,3008791.4037775253,53-7062,"Laborers and Freight, Stock, and Material Movers, Hand",2023,3008300.0
2024-07-01,3116272.7777762227,3053353.5599749866,3177730.5914763287,3089407.0207094434,3142348.3288106984,0.0,0.0,0.0,0.0,0.0,0.0,0.0,0.0,0.0,0.0,0.0,0.0,3116272.7777762227,53-7062,"Laborers and Freight, Stock, and Material Movers, Hand",2024,2982530.0
2025-07-01,3223460.486818639,3123617.61240391,3329153.4990405524,3142011.829422453,3305190.6746202456,0.0,0.0,0.0,0.0,0.0,0.0,0.0,0.0,0.0,0.0,0.0,0.0,3223460.486818639,53-7062,"Laborers and Freight, Stock, and Material Movers, Hand",2025,2950280.0
2026-07-01,3330648.1958610555,3138602.3271182966,3497484.6170074437,3158077.03359835,3483157.5222530956,0.0,0.0,0.0,0.0,0.0,0.0,0.0,0.0,0.0,0.0,0.0,0.0,3330648.1958610555,53-7062,"Laborers and Freight, Stock, and Material Movers, Hand",2026,
2027-07-01,3437835.904903472,3166598.610745371,3698098.5539544965,3150806.747133033,3690457.177978067,0.0,0.0,0.0,0.0,0.0,0.0,0.0,0.0,0.0,0.0,0.0,0.0,3437835.904903472,53-7062,"Laborers and Freight, Stock, and Material Movers, Hand",2027,
2019-07-01,2127872.500164,2037170.62010369,2208396.000382516,2127872.500164,2127872.500164,0.0,0.0,0.0,0.0,0.0,0.0,0.0,0.0,0.0,0.0,0.0,0.0,2127872.500164,53-7065,Stockers and Order Fillers,2019,2135850.0
2020-07-01,2327199.8424299774,2122545.5922201937,2303490.647298632,2327199.8424299774,2327199.8424299774,-116270.33262288,-116270.33262288,-116270.33262288,-116270.33262288,-116270.33262288,-116270.33262288,-116270.33262288,-116270.33262288,-116270.33262288,0.0,0.0,0.0,2210929.5098070973,53-7065,Stockers and Order Fillers,2020,2210960.0
2021-07-01,2525982.5756440666,2438460.4992062915,2612945.877010898,2525982.5756440666,2525982.5756440666,0.0,0.0,0.0,0.0,0.0,0.0,0.0,0.0,0.0,0.0,0.0,0.0,2525982.5756440666,53-7065,Stockers and Order Fillers,2021,2451430.0
2022-07-01,2724765.3114145594,2641337.5945727997,2807186.7411122103,2724765.3114145594,2724765.3114145594,0.0,0.0,0.0,0.0,0.0,0.0,0.0,0.0,0.0,0.0,0.0,0.0,2724765.3114145594,53-7065,Stockers and Order Fillers,2022,2842060.0
2023-07-01,2923371.5806138474,2835538.662066075,3010516.241759473,2923371.5806138474,2923371.5806138474,0.0,0.0,0.0,0.0,0.0,0.0,0.0,0.0,0.0,0.0,0.0,0.0,2923371.5806138474,53-7065,Stockers and Order Fillers,2023,2872680.0
2024-07-01,3122521.9765780643,3038597.6427742946,3200785.822081831,3122485.2327210205,3122570.581258896,0.0,0.0,0.0,0.0,0.0,0.0,0.0,0.0,0.0,0.0,0.0,0.0,3122521.9765780643,53-7065,Stockers and Order Fillers,2024,2779530.0
2025-07-01,3321128.245777352,3238217.627347874,3403385.6465230514,3321004.0675804345,3321260.5818398152,0.0,0.0,0.0,0.0,0.0,0.0,0.0,0.0,0.0,0.0,0.0,0.0,3321128.245777352,53-7065,Stockers and Order Fillers,2025,2833810.0
2026-07-01,3519734.5149766393,3433820.5185526204,3595835.9155752496,3519487.110231692,3519985.1479534716,0.0,0.0,0.0,0.0,0.0,0.0,0.0,0.0,0.0,0.0,0.0,0.0,3519734.5149766393,53-7065,Stockers and Order Fillers,2026,
2027-07-01,3718340.7841759278,3636137.1912512043,3802489.2751520323,3717962.920985687,3718724.4418208343,0.0,0.0,0.0,0.0,0.0,0.0,0.0,0.0,0.0,0.0,0.0,0.0,3718340.7841759278,53-7065,Stockers and Order Fillers,2027,
2018-07-01,2878676.0568399997,2850706.941844301,2904319.2759188013,2878676.0568399997,2878676.0568399997,0.0,0.0,0.0,0.0,0.0,0.0,0.0,0.0,0.0,0.0,0.0,0.0,2878676.0568399997,43-4051,Customer Service Representatives,2018,2871400.0
2019-07-01,2904675.4527125084,2882570.843153501,2929957.122129774,2904675.4527125084,2904675.4527125084,0.0,0.0,0.0,0.0,0.0,0.0,0.0,0.0,0.0,0.0,0.0,0.0,2904675.4527125084,43-4051,Customer Service Representatives,2019,2919230.0
2020-07-01,2860156.2709101103,2805447.9204186318,2857310.3327723006,2860156.2709101103,2860156.2709101103,-26905.605545247003,-26905.605545247003,-26905.605545247003,-26905.605545247003,-26905.605545247003,-26905.605545247003,-26905.605545247003,-26905.605545247003,-26905.605545247003,0.0,0.0,0.0,2833250.6653648634,43-4051,Customer Service Representatives,2020,2833250.0
2021-07-01,2815758.7279491965,2789530.842471055,2843403.263624165,2815758.7279491965,2815758.7279491965,0.0,0.0,0.0,0.0,0.0,0.0,0.0,0.0,0.0,0.0,0.0,0.0,2815758.7279491965,43-4051,Customer Service Representatives,2021,2787070.0
2022-07-01,2844297.404260906,2821673.330876119,2869934.577193797,2844297.404260906,2844297.404260906,0.0,0.0,0.0,0.0,0.0,0.0,0.0,0.0,0.0,0.0,0.0,0.0,2844297.404260906,43-4051,Customer Service Representatives,2022,2879840.0
2023-07-01,2872836.0805726154,2845882.774538345,2900945.439348207,2872836.0805726154,2872836.0805726154,0.0,0.0,0.0,0.0,0.0,0.0,0.0,0.0,0.0,0.0,0.0,0.0,2872836.0805726154,43-4051,Customer Service Representatives,2023,2858710.0
2024-07-01,2901452.945038604,2866560.0285968278,2937684.3303976846,2878922.255347453,2922501.4804132483,0.0,0.0,0.0,0.0,0.0,0.0,0.0,0.0,0.0,0.0,0.0,0.0,2901452.945038604,43-4051,Customer Service Representatives,2024,2725930.0
2025-07-01,2929991.6213503135,2841832.99043239,3013432.705452813,2847037.8003099393,3010423.681508736,0.0,0.0,0.0,0.0,0.0,0.0,0.0,0.0,0.0,0.0,0.0,0.0,2929991.6213503135,43-4051,Customer Service Representatives,2025,2595750.0
2026-07-01,2958530.297662023,2798190.0963381208,3113109.2330835965,2794244.2293371176,3118854.2417025412,0.0,0.0,0.0,0.0,0.0,0.0,0.0,0.0,0.0,0.0,0.0,0.0,2958530.297662023,43-4051,Customer Service Representatives,2026,
2027-07-01,2987068.9739737324,2718909.8127946127,3258862.2064868994,2717006.2919154535,3259608.07991892,0.0,0.0,0.0,0.0,0.0,0.0,0.0,0.0,0.0,0.0,0.0,0.0,2987068.9739737324,43-4051,Customer Service Representatives,2027,
2018-07-01,2973680.367532,2965301.4096024884,2982071.314144651,2973680.367532,2973680.367532,0.0,0.0,0.0,0.0,0.0,0.0,0.0,0.0,0.0,0.0,0.0,0.0,2973680.367532,43-9061,"Office Clerks, General",2018,2972930.0
2019-07-01,2954556.5854382906,2946332.6669795588,2963662.4929111456,2954556.5854382906,2954556.5854382906,0.0,0.0,0.0,0.0,0.0,0.0,0.0,0.0,0.0,0.0,0.0,0.0,2954556.5854382906,43-9061,"Office Clerks, General",2019,2956060.0
2020-07-01,2763287.659011388,2779791.174717885,2796233.9089188725,2763287.659011388,2763287.659011388,24802.233084407002,24802.233084407002,24802.233084407002,24802.233084407002,24802.233084407002,24802.233084407002,24802.233084407002,24802.233084407002,24802.233084407002,0.0,0.0,0.0,2788089.8920957954,43-9061,"Office Clerks, General",2020,2788090.0
2021-07-01,2572541.3251973256,2564689.9962993492,2580813.597968401,2572541.3251973256,2572541.3251973256,0.0,0.0,0.0,0.0,0.0,0.0,0.0,0.0,0.0,0.0,0.0,0.0,2572541.3251973256,43-9061,"Office Clerks, General",2021,2578180.0
2022-07-01,2530884.9128473713,2522493.5888756798,2538636.9823765866,2530884.9128473713,2530884.9128473713,0.0,0.0,0.0,0.0,0.0,0.0,0.0,0.0,0.0,0.0,0.0,0.0,2530884.9128473713,43-9061,"Office Clerks, General",2022,2517350.0
2023-07-01,2489228.5004974166,2480287.522876331,2497746.838773566,2489228.5004974166,2489228.5004974166,0.0,0.0,0.0,0.0,0.0,0.0,0.0,0.0,0.0,0.0,0.0,0.0,2489228.5004974166,43-9061,"Office Clerks, General",2023,2496370.0
2024-07-01,2447457.960990339,2394910.146388026,2507176.4432474943,2395293.542153262,2508459.6845940766,0.0,0.0,0.0,0.0,0.0,0.0,0.0,0.0,0.0,0.0,0.0,0.0,2447457.960990339,43-9061,"Office Clerks, General",2024,2510550.0
2025-07-01,2405801.548640385,2237292.099009434,2608781.173148476,2238946.9573195702,2607131.0110429074,0.0,0.0,0.0,0.0,0.0,0.0,0.0,0.0,0.0,0.0,0.0,0.0,2405801.548640385,43-9061,"Office Clerks, General",2025,2464940.0
2026-07-01,2364145.13629043,2013277.5021424324,2757036.4127986426,2007751.3073318517,2758538.046672537,0.0,0.0,0.0,0.0,0.0,0.0,0.0,0.0,0.0,0.0,0.0,0.0,2364145.13629043,43-9061,"Office Clerks, General",2026,
2027-07-01,2322488.7239404763,1754982.672389937,3004482.8124125986,1751900.022356703,3003634.3183287173,0.0,0.0,0.0,0.0,0.0,0.0,0.0,0.0,0.0,0.0,0.0,0.0,2322488.7239404763,43-9061,"Office Clerks, General",2027,
2018-07-01,2533241.5333784,2264898.65965631,2774142.7821068917,2533241.5333784,2533241.5333784,0.0,0.0,0.0,0.0,0.0,0.0,0.0,0.0,0.0,0.0,0.0,0.0,2533241.5333784,35-3031,Waiters and Waitresses,2018,2582410.0
2019-07-01,2430228.1287440495,2165510.126639382,2675573.502464075,2430228.1287440495,2430228.1287440495,0.0,0.0,0.0,0.0,0.0,0.0,0.0,0.0,0.0,0.0,0.0,0.0,2430228.1287440495,35-3031,Waiters and Waitresses,2019,2579020.0
2020-07-01,2326932.4891166273,1691451.5820276632,2198055.742700051,2326932.4891166273,2326932.4891166273,-382752.18221510004,-382752.18221510004,-382752.18221510004,-382752.18221510004,-382752.18221510004,-382752.18221510004,-382752.18221510004,-382752.18221510004,-382752.18221510004,0.0,0.0,0.0,1944180.306901527,35-3031,Waiters and Waitresses,2020,1944240.0
2021-07-01,2223919.089295071,1952391.1026620257,2463291.620573777,2223919.089295071,2223919.089295071,0.0,0.0,0.0,0.0,0.0,0.0,0.0,0.0,0.0,0.0,0.0,0.0,2223919.089295071,35-3031,Waiters and Waitresses,2021,1804030.0
2022-07-01,2120915.972478585,1878534.0903931595,2386986.479107585,2120915.972478585,2120915.972478585,0.0,0.0,0.0,0.0,0.0,0.0,0.0,0.0,0.0,0.0,0.0,0.0,2120915.972478585,35-3031,Waiters and Waitresses,2022,2122210.0
2023-07-01,2017912.8556620989,1784038.346960605,2294657.4616908645,2017912.8556620989,2017912.8556620989,0.0,0.0,0.0,0.0,0.0,0.0,0.0,0.0,0.0,0.0,0.0,0.0,2017912.8556620989,35-3031,Waiters and Waitresses,2023,2237850.0
2024-07-01,1914627.5385255674,1683224.2347042994,2183942.1952291527,1914626.00179067,1914629.3980363177,0.0,0.0,0.0,0.0,0.0,0.0,0.0,0.0,0.0,0.0,0.0,0.0,1914627.5385255674,35-3031,Waiters and Waitresses,2024,2302690.0
2025-07-01,1811624.421709081,1519928.9205746404,2073210.8097992495,1811618.253377713,1811630.0921220921,0.0,0.0,0.0,0.0,0.0,0.0,0.0,0.0,0.0,0.0,0.0,0.0,1811624.421709081,35-3031,Waiters and Waitresses,2025,2270910.0
2026-07-01,1708621.304892595,1433196.7198013486,1962761.7701777616,1708609.3709311152,1708632.6953574347,0.0,0.0,0.0,0.0,0.0,0.0,0.0,0.0,0.0,0.0,0.0,0.0,1708621.304892595,35-3031,Waiters and Waitresses,2026,
2027-07-01,1605618.1880761087,1328971.4141609035,1881224.0038040772,1605600.1174278317,1605638.092635683,0.0,0.0,0.0,0.0,0.0,0.0,0.0,0.0,0.0,0.0,0.0,0.0,1605618.1880761087,35-3031,Waiters and Waitresses,2027,
2018-07-01,2162137.8702,2142991.998586837,2183719.655477903,2162137.8702,2162137.8702,0.0,0.0,0.0,0.0,0.0,0.0,0.0,0.0,0.0,0.0,0.0,0.0,2162137.8702,37-2011,"Janitors and Cleaners, Except Maids and Housekeeping Cleaners",2018,2156270.0
2019-07-01,2133728.6068156627,2114849.5027555167,2154483.8678191733,2133728.6068156627,2133728.6068156627,0.0,0.0,0.0,0.0,0.0,0.0,0.0,0.0,0.0,0.0,0.0,0.0,2133728.6068156627,37-2011,"Janitors and Cleaners, Except Maids and Housekeeping Cleaners",2019,2145450.0
2020-07-01,2096318.613725964,1969010.3573699102,2011460.492650546,2096318.613725964,2096318.613725964,-105821.280125,-105821.280125,-105821.280125,-105821.280125,-105821.280125,-105821.280125,-105821.280125,-105821.280125,-105821.280125,0.0,0.0,0.0,1990497.333600964,37-2011,"Janitors and Cleaners, Except Maids and Housekeeping Cleaners",2020,1990510.0
2021-07-01,2059010.8334666495,2038946.4274427814,2080700.821797545,2059010.8334666495,2059010.8334666495,0.0,0.0,0.0,0.0,0.0,0.0,0.0,0.0,0.0,0.0,0.0,0.0,2059010.8334666495,37-2011,"Janitors and Cleaners, Except Maids and Housekeeping Cleaners",2021,2036680.0
2022-07-01,2121129.924315016,2102464.412855166,2143311.649149105,2121129.924315016,2121129.924315016,0.0,0.0,0.0,0.0,0.0,0.0,0.0,0.0,0.0,0.0,0.0,0.0,2121129.924315016,37-2011,"Janitors and Cleaners, Except Maids and Housekeeping Cleaners",2022,2148350.0
2023-07-01,2183249.0151633825,2164156.2451186124,2203820.250440214,2183249.0151633825,2183249.0151633825,0.0,0.0,0.0,0.0,0.0,0.0,0.0,0.0,0.0,0.0,0.0,0.0,2183249.0151633825,37-2011,"Janitors and Cleaners, Except Maids and Housekeeping Cleaners",2023,2172500.0
2024-07-01,2245538.295301744,2218224.8643054008,2272627.3059082953,2230019.5363141648,2264341.4874841403,0.0,0.0,0.0,0.0,0.0,0.0,0.0,0.0,0.0,0.0,0.0,0.0,2245538.295301744,37-2011,"Janitors and Cleaners, Except Maids and Housekeeping Cleaners",2024,2199900.0
2025-07-01,2307657.3861501105,2251461.0484058135,2373901.6131155193,2257549.8129684436,2372956.2834988246,0.0,0.0,0.0,0.0,0.0,0.0,0.0,0.0,0.0,0.0,0.0,0.0,2307657.3861501105,37-2011,"Janitors and Cleaners, Except Maids and Housekeeping Cleaners",2025,2209760.0
2026-07-01,2369776.476998477,2254119.3692503977,2510075.4891073797,2260656.4918611506,2503137.6602273043,0.0,0.0,0.0,0.0,0.0,0.0,0.0,0.0,0.0,0.0,0.0,0.0,2369776.476998477,37-2011,"Janitors and Cleaners, Except Maids and Housekeeping Cleaners",2026,
2027-07-01,2431895.567846843,2257216.969292856,2638471.738112804,2262474.6615498667,2634487.5554324044,0.0,0.0,0.0,0.0,0.0,0.0,0.0,0.0,0.0,0.0,0.0,0.0,2431895.567846843,37-2011,"Janitors and Cleaners, Except Maids and Housekeeping Cleaners",2027,
2018-07-01,1800611.903412,1796349.878163793,1805158.2710928633,1800611.903412,1800611.903412,0.0,0.0,0.0,0.0,0.0,0.0,0.0,0.0,0.0,0.0,0.0,0.0,1800611.903412,53-3032,Heavy and Tractor-Trailer Truck Drivers,2018,1800330.0
2019-07-01,1855562.4805595137,1850776.7413691739,1859698.4133116382,1855562.4805595137,1855562.4805595137,0.0,0.0,0.0,0.0,0.0,0.0,0.0,0.0,0.0,0.0,0.0,0.0,1855562.4805595137,53-3032,Heavy and Tractor-Trailer Truck Drivers,2019,1856130.0
2020-07-01,1881428.263872479,1793362.3634007245,1801952.405334837,1881428.263872479,1881428.263872479,-83717.8753844,-83717.8753844,-83717.8753844,-83717.8753844,-83717.8753844,-83717.8753844,-83717.8753844,-83717.8753844,-83717.8753844,0.0,0.0,0.0,1797710.3884880792,53-3032,Heavy and Tractor-Trailer Truck Drivers,2020,1797710.0
2021-07-01,1907223.3756360188,1903443.0658469987,1911498.168428452,1907223.3756360188,1907223.3756360188,0.0,0.0,0.0,0.0,0.0,0.0,0.0,0.0,0.0,0.0,0.0,0.0,1907223.3756360188,53-3032,Heavy and Tractor-Trailer Truck Drivers,2021,1903420.0
2022-07-01,1977427.5766648161,1973492.4424679899,1981759.7485152397,1977427.5766648161,1977427.5766648161,0.0,0.0,0.0,0.0,0.0,0.0,0.0,0.0,0.0,0.0,0.0,0.0,1977427.5766648161,53-3032,Heavy and Tractor-Trailer Truck Drivers,2022,1984180.0
2023-07-01,2047631.7776936134,2043294.2805097923,2051848.8415223965,2047631.7776936134,2047631.7776936134,0.0,0.0,0.0,0.0,0.0,0.0,0.0,0.0,0.0,0.0,0.0,0.0,2047631.7776936134,53-3032,Heavy and Tractor-Trailer Truck Drivers,2023,2044400.0
2024-07-01,2118028.318999202,2105453.3484801548,2128391.201880127,2106193.630946828,2127541.312935469,0.0,0.0,0.0,0.0,0.0,0.0,0.0,0.0,0.0,0.0,0.0,0.0,2118028.318999202,53-3032,Heavy and Tractor-Trailer Truck Drivers,2024,2070480.0
2025-07-01,2188232.520027999,2146339.704166606,2224420.489282031,2146580.042340005,2224649.3584710113,0.0,0.0,0.0,0.0,0.0,0.0,0.0,0.0,0.0,0.0,0.0,0.0,2188232.520027999,53-3032,Heavy and Tractor-Trailer Truck Drivers,2025,2062040.0
2026-07-01,2258436.7210567966,2178736.655576047,2345211.5703252633,2175395.435952843,2343942.3932850035,0.0,0.0,0.0,0.0,0.0,0.0,0.0,0.0,0.0,0.0,0.0,0.0,2258436.7210567966,53-3032,Heavy and Tractor-Trailer Truck Drivers,2026,
2027-07-01,2328640.9220855935,2209114.7541889767,2474434.8893868965,2212032.6192504484,2472126.438235208,0.0,0.0,0.0,0.0,0.0,0.0,0.0,0.0,0.0,0.0,0.0,0.0,2328640.9220855935,53-3032,Heavy and Tractor-Trailer Truck Drivers,2027,
2018-07-01,2164162.2124752,2155201.908843063,2172943.47249146,2164162.2124752,2164162.2124752,0.0,0.0,0.0,0.0,0.0,0.0,0.0,0.0,0.0,0.0,0.0,0.0,2164162.2124752,43-6014,"Secretaries and Administrative Assistants, Except Legal, Medical, and Executive",2018,2165310.0
2019-07-01,2039487.5292832595,2030930.2085915543,2048196.5448154686,2039487.5292832595,2039487.5292832595,0.0,0.0,0.0,0.0,0.0,0.0,0.0,0.0,0.0,0.0,0.0,0.0,2039487.5292832595,43-6014,"Secretaries and Administrative Assistants, Except Legal, Medical, and Executive",2019,2038340.0
2020-07-01,1914650.1041673718,1840488.3340428735,1859147.7658516099,1914650.1041673718,1914650.1041673718,-64290.097952640004,-64290.097952640004,-64290.097952640004,-64290.097952640004,-64290.097952640004,-64290.097952640004,-64290.097952640004,-64290.097952640004,-64290.097952640004,0.0,0.0,0.0,1850360.0062147318,43-6014,"Secretaries and Administrative Assistants, Except Legal, Medical, and Executive",2020,1850360.0
2021-07-01,1833553.2367079454,1824257.1222625584,1842935.9781858318,1833553.2367079454,1833553.2367079454,0.0,0.0,0.0,0.0,0.0,0.0,0.0,0.0,0.0,0.0,0.0,0.0,1833553.2367079454,43-6014,"Secretaries and Administrative Assistants, Except Legal, Medical, and Executive",2021,1825980.0
2022-07-01,1812706.4303872883,1804041.7088673296,1822791.4429126952,1812706.4303872883,1812706.4303872883,0.0,0.0,0.0,0.0,0.0,0.0,0.0,0.0,0.0,0.0,0.0,0.0,1812706.4303872883,43-6014,"Secretaries and Administrative Assistants, Except Legal, Medical, and Executive",2022,1826710.0
2023-07-01,1791859.624066631,1782914.7108867264,1800441.800274187,1791859.624066631,1791859.624066631,0.0,0.0,0.0,0.0,0.0,0.0,0.0,0.0,0.0,0.0,0.0,0.0,1791859.624066631,43-6014,"Secretaries and Administrative Assistants, Except Legal, Medical, and Executive",2023,1785430.0
2024-07-01,1770955.7032081094,1752918.76533019,1794470.9515746017,1754305.2425773323,1790343.823978207,0.0,0.0,0.0,0.0,0.0,0.0,0.0,0.0,0.0,0.0,0.0,0.0,1770955.7032081094,43-6014,"Secretaries and Administrative Assistants, Except Legal, Medical, and Executive",2024,1737820.0
2025-07-01,1750108.896887452,1695354.5905322214,1819703.6863999714,1696034.0244574323,1814813.6564741998,0.0,0.0,0.0,0.0,0.0,0.0,0.0,0.0,0.0,0.0,0.0,0.0,1750108.896887452,43-6014,"Secretaries and Administrative Assistants, Except Legal, Medical, and Executive",2025,1706790.0
2026-07-01,1729262.090566795,1602433.0429444532,1869590.7584840443,1597931.916572503,1871704.2399484115,0.0,0.0,0.0,0.0,0.0,0.0,0.0,0.0,0.0,0.0,0.0,0.0,1729262.090566795,43-6014,"Secretaries and Administrative Assistants, Except Legal, Medical, and Executive",2026,
2027-07-01,1708415.284246138,1510775.0026428807,1927045.898012122,1506760.5127993997,1924157.2476713106,0.0,0.0,0.0,0.0,0.0,0.0,0.0,0.0,0.0,0.0,0.0,0.0,1708415.284246138,43-6014,"Secretaries and Administrative Assistants, Except Legal, Medical, and Executive",2027,
2021-07-01,1364180.0030696,1364180.0030696,1364180.0030696,1364180.0030696,1364180.0030696,0.0,0.0,0.0,0.0,0.0,0.0,0.0,0.0,0.0,0.0,0.0,0.0,1364180.0030696,15-1252,Software Developers,2021,1364180.0
2022-07-01,1534790.0053572,1534790.0053572,1534790.0053572,1534790.0053572,1534790.0053572,0.0,0.0,0.0,0.0,0.0,0.0,0.0,0.0,0.0,0.0,0.0,0.0,1534790.0053572,15-1252,Software Developers,2022,1534790.0
2023-07-01,1656880.00745596,1656880.00745596,1656880.00745596,1656880.00745596,1656880.00745596,0.0,0.0,0.0,0.0,0.0,0.0,0.0,0.0,0.0,0.0,0.0,0.0,1656880.00745596,15-1252,Software Developers,2023,1656880.0
2024-07-01,1779304.5027111548,1756528.4469220631,1800364.9642359226,1756528.4469220631,1800364.9642359226,0.0,0.0,0.0,0.0,0.0,0.0,0.0,0.0,0.0,0.0,0.0,0.0,1779304.5027111548,15-1252,Software Developers,2024,1654440.0
2025-07-01,1901394.504809915,1824881.4897555644,1978629.358791681,1824881.4897555644,1978629.358791681,0.0,0.0,0.0,0.0,0.0,0.0,0.0,0.0,0.0,0.0,0.0,0.0,1901394.504809915,15-1252,Software Developers,2025,1687890.0
2026-07-01,2023484.506908675,1855059.407213649,2164041.457494058,1855059.407213649,2164041.457494058,0.0,0.0,0.0,0.0,0.0,0.0,0.0,0.0,0.0,0.0,0.0,0.0,2023484.506908675,15-1252,Software Developers,2026,
2027-07-01,2145574.5090074353,1873547.7018812962,2380975.0737991035,1873547.7018812962,2380975.0737991035,0.0,0.0,0.0,0.0,0.0,0.0,0.0,0.0,0.0,0.0,0.0,0.0,2145574.5090074353,15-1252,Software Developers,2027,
2018-07-01,1387121.911626,1375413.069502669,1399149.3374028997,1387121.911626,1387121.911626,0.0,0.0,0.0,0.0,0.0,0.0,0.0,0.0,0.0,0.0,0.0,0.0,1387121.911626,49-9071,"Maintenance and Repair Workers, General",2018,1384240.0
2019-07-01,1413242.0616747243,1401945.1934938037,1424433.465951863,1413242.0616747243,1413242.0616747243,0.0,0.0,0.0,0.0,0.0,0.0,0.0,0.0,0.0,0.0,0.0,0.0,1413242.0616747243,49-9071,"Maintenance and Repair Workers, General",2019,1418990.0
2020-07-01,1421246.542024707,1346519.4424770079,1368779.359819888,1421246.542024707,1421246.542024707,-63616.84190565,-63616.84190565,-63616.84190565,-63616.84190565,-63616.84190565,-63616.84190565,-63616.84190565,-63616.84190565,-63616.84190565,0.0,0.0,0.0,1357629.700119057,49-9071,"Maintenance and Repair Workers, General",2020,1357630.0
2021-07-01,1429229.152067285,1417194.7977240114,1441621.7499442112,1429229.152067285,1429229.152067285,0.0,0.0,0.0,0.0,0.0,0.0,0.0,0.0,0.0,0.0,0.0,0.0,1429229.152067285,49-9071,"Maintenance and Repair Workers, General",2021,1416740.0
2022-07-01,1469580.5679911736,1457697.1041953128,1482148.5149882264,1469580.5679911736,1469580.5679911736,0.0,0.0,0.0,0.0,0.0,0.0,0.0,0.0,0.0,0.0,0.0,0.0,1469580.5679911736,49-9071,"Maintenance and Repair Workers, General",2022,1485990.0
2023-07-01,1509931.983915062,1498012.8327122438,1522343.7706773656,1509931.983915062,1509931.983915062,0.0,0.0,0.0,0.0,0.0,0.0,0.0,0.0,0.0,0.0,0.0,0.0,1509931.983915062,49-9071,"Maintenance and Repair Workers, General",2023,1503150.0
2024-07-01,1550393.9516633993,1534020.2298969184,1566732.0949247433,1540444.263037972,1560159.8970379082,0.0,0.0,0.0,0.0,0.0,0.0,0.0,0.0,0.0,0.0,0.0,0.0,1550393.9516633993,49-9071,"Maintenance and Repair Workers, General",2024,1531700.0
2025-07-01,1590745.367587288,1556184.5614020475,1622995.0763207811,1557673.0585362706,1621897.6898146889,0.0,0.0,0.0,0.0,0.0,0.0,0.0,0.0,0.0,0.0,0.0,0.0,1590745.367587288,49-9071,"Maintenance and Repair Workers, General",2025,1529700.0
2026-07-01,1631096.7835111762,1572095.434035131,1695528.723997269,1569697.4371701907,1696017.5986761907,0.0,0.0,0.0,0.0,0.0,0.0,0.0,0.0,0.0,0.0,0.0,0.0,1631096.7835111762,49-9071,"Maintenance and Repair Workers, General",2026,
2027-07-01,1671448.1994350643,1575973.1703744356,1771503.201680322,1574836.0225595515,1773707.8320884733,0.0,0.0,0.0,0.0,0.0,0.0,0.0,0.0,0.0,0.0,0.0,0.0,1671448.1994350643,49-9071,"Maintenance and Repair Workers, General",2027,
2018-07-01,1258376.5245555,1247219.049978704,1270501.345677722,1258376.5245555,1258376.5245555,0.0,0.0,0.0,0.0,0.0,0.0,0.0,0.0,0.0,0.0,0.0,0.0,1258376.5245555,13-2011,Accountants and Auditors,2018,1259930.0
2019-07-01,1281772.3433712835,1271216.2283301577,1292395.576900132,1281772.3433712835,1281772.3433712835,0.0,0.0,0.0,0.0,0.0,0.0,0.0,0.0,0.0,0.0,0.0,0.0,1281772.3433712835,13-2011,Accountants and Auditors,2019,1280700.0
2020-07-01,1305232.2597358522,1264226.1894112504,1285361.1235101444,1305232.2597358522,1305232.2597358522,-30612.15698121,-30612.15698121,-30612.15698121,-30612.15698121,-30612.15698121,-30612.15698121,-30612.15698121,-30612.15698121,-30612.15698121,0.0,0.0,0.0,1274620.1027546423,13-2011,Accountants and Auditors,2020,1274620.0
2021-07-01,1328629.4810528136,1317417.193104265,1340343.9208797975,1328629.4810528136,1328629.4810528136,0.0,0.0,0.0,0.0,0.0,0.0,0.0,0.0,0.0,0.0,0.0,0.0,1328629.4810528136,13-2011,Accountants and Auditors,2021,1318550.0
2022-07-01,1385739.8135396277,1375130.6887511087,1396439.5703807482,1385739.8135396277,1385739.8135396277,0.0,0.0,0.0,0.0,0.0,0.0,0.0,0.0,0.0,0.0,0.0,0.0,1385739.8135396277,13-2011,Accountants and Auditors,2022,1402420.0
2023-07-01,1442850.1460264418,1432181.7484960405,1453678.7874562917,1442850.1460264418,1442850.1460264418,0.0,0.0,0.0,0.0,0.0,0.0,0.0,0.0,0.0,0.0,0.0,0.0,1442850.1460264418,13-2011,Accountants and Auditors,2023,1435770.0
2024-07-01,1500116.9451776033,1487653.6015519062,1513314.9267392468,1494424.6316069658,1506769.5140769496,0.0,0.0,0.0,0.0,0.0,0.0,0.0,0.0,0.0,0.0,0.0,0.0,1500116.9451776033,13-2011,Accountants and Auditors,2024,1448290.0
2025-07-01,1557227.2776644174,1535318.5987234602,1580792.0941350928,1538754.9920908131,1578654.5267843863,0.0,0.0,0.0,0.0,0.0,0.0,0.0,0.0,0.0,0.0,0.0,0.0,1557227.2776644174,13-2011,Accountants and Auditors,2025,1449500.0
2026-07-01,1614337.6101512315,1571642.861659322,1659157.4225468878,1574445.0139876823,1656184.7353185597,0.0,0.0,0.0,0.0,0.0,0.0,0.0,0.0,0.0,0.0,0.0,0.0,1614337.6101512315,13-2011,Accountants and Auditors,2026,
2027-07-01,1671447.9426380454,1611109.6053757921,1736658.1969154081,1611979.1270588767,1735571.5330744751,0.0,0.0,0.0,0.0,0.0,0.0,0.0,0.0,0.0,0.0,0.0,0.0,1671447.9426380454,13-2011,Accountants and Auditors,2027,
2019-07-01,1419920.0,1419919.9999947045,1419920.000004432,1419920.0,1419920.0,0.0,0.0,0.0,0.0,0.0,0.0,0.0,0.0,0.0,0.0,0.0,0.0,1419920.0,31-1131,Nursing Assistants,2019,1419920.0
2020-07-01,1363549.666936611,1371050.0008722194,1371050.0008815702,1363549.666936611,1363549.666936611,7500.3339401680005,7500.3339401680005,7500.3339401680005,7500.3339401680005,7500.3339401680005,7500.3339401680005,7500.3339401680005,7500.3339401680005,7500.3339401680005,0.0,0.0,0.0,1371050.000876779,31-1131,Nursing Assistants,2020,1371050.0
2021-07-01,1314830.0017249177,1314830.0017198308,1314830.0017301193,1314830.0017249177,1314830.0017249177,0.0,0.0,0.0,0.0,0.0,0.0,0.0,0.0,0.0,0.0,0.0,0.0,1314830.0017249177,31-1131,Nursing Assistants,2021,1314830.0
2022-07-01,1310090.0019902783,1310090.0019852018,1310090.0019957286,1310090.0019902783,1310090.0019902783,0.0,0.0,0.0,0.0,0.0,0.0,0.0,0.0,0.0,0.0,0.0,0.0,1310090.0019902783,31-1131,Nursing Assistants,2022,1310090.0
2023-07-01,1351760.0030476637,1351760.0030426013,1351760.0030524435,1351760.0030476637,1351760.0030476637,0.0,0.0,0.0,0.0,0.0,0.0,0.0,0.0,0.0,0.0,0.0,0.0,1351760.0030476637,31-1131,Nursing Assistants,2023,1351760.0
2024-07-01,1393544.1684915076,1373466.7690557265,1416651.7496118296,1373466.7690576643,1416651.7496120802,0.0,0.0,0.0,0.0,0.0,0.0,0.0,0.0,0.0,0.0,0.0,0.0,1393544.1684915076,31-1131,Nursing Assistants,2024,1388430.0
2025-07-01,1435214.1695488929,1371444.032152194,1505423.7651700166,1371444.032153925,1505423.7651702613,0.0,0.0,0.0,0.0,0.0,0.0,0.0,0.0,0.0,0.0,0.0,0.0,1435214.1695488929,31-1131,Nursing Assistants,2025,1448910.0
2026-07-01,1476884.1706062783,1352497.423886202,1612721.9404217515,1352497.4238856991,1612721.9404231682,0.0,0.0,0.0,0.0,0.0,0.0,0.0,0.0,0.0,0.0,0.0,0.0,1476884.1706062783,31-1131,Nursing Assistants,2026,
2027-07-01,1518554.1716636636,1328310.3993286416,1718926.2471966716,1328310.3993281026,1718926.247193884,0.0,0.0,0.0,0.0,0.0,0.0,0.0,0.0,0.0,0.0,0.0,0.0,1518554.1716636636,31-1131,Nursing Assistants,2027,
2018-07-01,1479364.9468519,1469958.2815625572,1488802.9974645497,1479364.9468519,1479364.9468519,0.0,0.0,0.0,0.0,0.0,0.0,0.0,0.0,0.0,0.0,0.0,0.0,1479364.9468519,43-1011,First-Line Supervisors of Office and Administrative Support Workers,2018,1477560.0
2019-07-01,1484250.9013084832,1475379.6663815079,1494297.0425211473,1484250.9013084832,1484250.9013084832,0.0,0.0,0.0,0.0,0.0,0.0,0.0,0.0,0.0,0.0,0.0,0.0,1484250.9013084832,43-1011,First-Line Supervisors of Office and Administrative Support Workers,2019,1487870.0
2020-07-01,1468689.947367108,1418752.5112387033,1437356.0301884944,1468689.947367108,1468689.947367108,-41428.26724435,-41428.26724435,-41428.26724435,-41428.26724435,-41428.26724435,-41428.26724435,-41428.26724435,-41428.26724435,-41428.26724435,0.0,0.0,0.0,1427261.680122758,43-1011,First-Line Supervisors of Office and Administrative Support Workers,2020,1427260.0
2021-07-01,1453171.509696842,1442385.7620172775,1462540.7926441468,1453171.509696842,1453171.509696842,0.0,0.0,0.0,0.0,0.0,0.0,0.0,0.0,0.0,0.0,0.0,0.0,1453171.509696842,43-1011,First-Line Supervisors of Office and Administrative Support Workers,2021,1443630.0
2022-07-01,1481817.1004427508,1472091.6695093466,1492565.1879530908,1481817.1004427508,1481817.1004427508,0.0,0.0,0.0,0.0,0.0,0.0,0.0,0.0,0.0,0.0,0.0,0.0,1481817.1004427508,43-1011,First-Line Supervisors of Office and Administrative Support Workers,2022,1495440.0
2023-07-01,1510462.6911886598,1501576.5399246877,1520409.667719884,1510462.6911886598,1510462.6911886598,0.0,0.0,0.0,0.0,0.0,0.0,0.0,0.0,0.0,0.0,0.0,0.0,1510462.6911886598,43-1011,First-Line Supervisors of Office and Administrative Support Workers,2023,1504570.0
2024-07-01,1539186.7630051048,1523572.2348754953,1552232.041493273,1525502.37615604,1548924.0955004694,0.0,0.0,0.0,0.0,0.0,0.0,0.0,0.0,0.0,0.0,0.0,0.0,1539186.7630051048,43-1011,First-Line Supervisors of Office and Administrative Support Workers,2024,1495580.0
2025-07-01,1567832.3537510138,1523555.0392406299,1600587.0867989706,1523898.874810707,1600023.6724352865,0.0,0.0,0.0,0.0,0.0,0.0,0.0,0.0,0.0,0.0,0.0,0.0,1567832.3537510138,43-1011,First-Line Supervisors of Office and Administrative Support Workers,2025,1436680.0
2026-07-01,1596477.9444969227,1514408.7014942938,1669373.2503734666,1512780.807957615,1670684.15448353,0.0,0.0,0.0,0.0,0.0,0.0,0.0,0.0,0.0,0.0,0.0,0.0,1596477.9444969227,43-1011,First-Line Supervisors of Office and Administrative Support Workers,2026,
2027-07-01,1625123.5352428316,1499953.8894659593,1742699.1587357037,1504449.9793094867,1740819.6890650145,0.0,0.0,0.0,0.0,0.0,0.0,0.0,0.0,0.0,0.0,0.0,0.0,1625123.5352428316,43-1011,First-Line Supervisors of Office and Administrative Support Workers,2027,
2019-07-01,1293419.1799257,1221493.6562188782,1361468.396947814,1293419.1799257,1293419.1799257,0.0,0.0,0.0,0.0,0.0,0.0,0.0,0.0,0.0,0.0,0.0,0.0,1293419.1799257,25-9045,"Teaching Assistants, Except Postsecondary",2019,1346910.0
2020-07-01,1287952.0163956324,1200467.1049876853,1342004.788715103,1287952.0163956324,1287952.0163956324,-15133.94271786,-15133.94271786,-15133.94271786,-15133.94271786,-15133.94271786,-15133.94271786,-15133.94271786,-15133.94271786,-15133.94271786,0.0,0.0,0.0,1272818.0736777724,25-9045,"Teaching Assistants, Except Postsecondary",2020,1272840.0
2021-07-01,1282499.789703301,1214040.8519265403,1356065.064799106,1282499.789703301,1282499.789703301,0.0,0.0,0.0,0.0,0.0,0.0,0.0,0.0,0.0,0.0,0.0,0.0,1282499.789703301,25-9045,"Teaching Assistants, Except Postsecondary",2021,1187270.0
2022-07-01,1277418.4301759407,1202814.7074469207,1348045.5025740336,1277418.4301759407,1277418.4301759407,0.0,0.0,0.0,0.0,0.0,0.0,0.0,0.0,0.0,0.0,0.0,0.0,1277418.4301759407,25-9045,"Teaching Assistants, Except Postsecondary",2022,1254240.0
2023-07-01,1272337.1403849737,1203720.9831840687,1353761.8967934744,1272337.1403849737,1272337.1403849737,0.0,0.0,0.0,0.0,0.0,0.0,0.0,0.0,0.0,0.0,0.0,0.0,1272337.1403849737,25-9045,"Teaching Assistants, Except Postsecondary",2023,1337320.0
2024-07-01,1267241.929252114,1194080.442854673,1340928.0740882661,1267160.7746506643,1267320.4666419267,0.0,0.0,0.0,0.0,0.0,0.0,0.0,0.0,0.0,0.0,0.0,0.0,1267241.929252114,25-9045,"Teaching Assistants, Except Postsecondary",2024,1375300.0
2025-07-01,1262160.639461147,1184637.6766703932,1330107.1375325301,1261879.2030465628,1262436.1254306308,0.0,0.0,0.0,0.0,0.0,0.0,0.0,0.0,0.0,0.0,0.0,0.0,1262160.639461147,25-9045,"Teaching Assistants, Except Postsecondary",2025,1420350.0
2026-07-01,1257079.3496701801,1179953.515686088,1330209.4210382728,1256558.1148539896,1257642.8551032667,0.0,0.0,0.0,0.0,0.0,0.0,0.0,0.0,0.0,0.0,0.0,0.0,1257079.3496701801,25-9045,"Teaching Assistants, Except Postsecondary",2026,
2027-07-01,1251998.0598792133,1179510.286534643,1316658.366952939,1251181.083287415,1252941.4771275334,0.0,0.0,0.0,0.0,0.0,0.0,0.0,0.0,0.0,0.0,0.0,0.0,1251998.0598792133,25-9045,"Teaching Assistants, Except Postsecondary",2027,
2018-07-01,1335992.1870305,1253235.521549445,1422411.5732034692,1335992.1870305,1335992.1870305,0.0,0.0,0.0,0.0,0.0,0.0,0.0,0.0,0.0,0.0,0.0,0.0,1335992.1870305,35-2014,"Cooks, Restaurant",2018,1340810.0
2019-07-01,1335206.4556513298,1234928.6030380588,1425982.6704490178,1335206.4556513298,1335206.4556513298,0.0,0.0,0.0,0.0,0.0,0.0,0.0,0.0,0.0,0.0,0.0,0.0,1335206.4556513298,35-2014,"Cooks, Restaurant",2019,1401890.0
2020-07-01,1334418.5715261835,1027516.6923283781,1202100.766007465,1334418.5715261835,1334418.5715261835,-224646.41371,-224646.41371,-224646.41371,-224646.41371,-224646.41371,-224646.41371,-224646.41371,-224646.41371,-224646.41371,0.0,0.0,0.0,1109772.1578161835,35-2014,"Cooks, Restaurant",2020,1109650.0
2021-07-01,1333632.841101431,1245264.4249224588,1431343.6569839956,1333632.841101431,1333632.841101431,0.0,0.0,0.0,0.0,0.0,0.0,0.0,0.0,0.0,0.0,0.0,0.0,1333632.841101431,35-2014,"Cooks, Restaurant",2021,1193860.0
2022-07-01,1332864.3067275789,1238225.1787467496,1425201.9351533002,1332864.3067275789,1332864.3067275789,0.0,0.0,0.0,0.0,0.0,0.0,0.0,0.0,0.0,0.0,0.0,0.0,1332864.3067275789,35-2014,"Cooks, Restaurant",2022,1321480.0
2023-07-01,1332095.7723537267,1246777.5438852855,1432890.371310926,1332095.7723537267,1332095.7723537267,0.0,0.0,0.0,0.0,0.0,0.0,0.0,0.0,0.0,0.0,0.0,0.0,1332095.7723537267,35-2014,"Cooks, Restaurant",2023,1412350.0
2024-07-01,1331325.1324062473,1238775.049079307,1426929.0669709954,1331322.1456806136,1331328.9035146798,0.0,0.0,0.0,0.0,0.0,0.0,0.0,0.0,0.0,0.0,0.0,0.0,1331325.1324062473,35-2014,"Cooks, Restaurant",2024,1452130.0
2025-07-01,1330556.5980323951,1234328.7038135119,1425064.6652218415,1330545.8723030153,1330568.1390970654,0.0,0.0,0.0,0.0,0.0,0.0,0.0,0.0,0.0,0.0,0.0,0.0,1330556.5980323951,35-2014,"Cooks, Restaurant",2025,1409890.0
2026-07-01,1329788.063658543,1239051.649757621,1427274.1823631604,1329766.5341673866,1329811.7515737882,0.0,0.0,0.0,0.0,0.0,0.0,0.0,0.0,0.0,0.0,0.0,0.0,1329788.063658543,35-2014,"Cooks, Restaurant",2026,
2027-07-01,1329019.5292846905,1236184.72517132,1419637.5152003719,1328985.8930651657,1329054.7289383751,0.0,0.0,0.0,0.0,0.0,0.0,0.0,0.0,0.0,0.0,0.0,0.0,1329019.5292846905,35-2014,"Cooks, Restaurant",2027,
